iteration,target_revision,start_wall_epoch,start_wall_utc,start_wall_local,end_wall_epoch,end_wall_utc,end_wall_local,deploy_started_epoch,deploy_started_utc,deploy_started_local,deploy_finished_epoch,deploy_finished_utc,deploy_finished_local,repo_sync_s,manifest_apply_s,resource_creation_s,deployment_total_s,rollout_total_s,pod_rollout_s,status,note
1,v0.15.2,1760791368.477,2025-10-18T12:42:48.476Z,2025-10-18T12:42:48.476+00:00,1760791372.718,2025-10-18T12:42:52.718Z,2025-10-18T12:42:52.718+00:00,1760791368.000,2025-10-18T12:42:48.000Z,2025-10-18T12:42:48.000+00:00,1760791370.000,2025-10-18T12:42:50.000Z,2025-10-18T12:42:50.000+00:00,3.815,0.142,0.643,2.000,4.241,2.241,ok,
2,v0.15.1,1760791374.144,2025-10-18T12:42:54.144Z,2025-10-18T12:42:54.144+00:00,1760791406.669,2025-10-18T12:43:26.669Z,2025-10-18T12:43:26.669+00:00,1760791374.000,2025-10-18T12:42:54.000Z,2025-10-18T12:42:54.000+00:00,1760791377.000,2025-10-18T12:42:57.000Z,2025-10-18T12:42:57.000+00:00,5.890,0.143,26.495,3.000,32.525,29.525,ok,
3,v0.15.2,1760791407.805,2025-10-18T12:43:27.805Z,2025-10-18T12:43:27.805+00:00,1760791411.297,2025-10-18T12:43:31.297Z,2025-10-18T12:43:31.297+00:00,1760791407.000,2025-10-18T12:43:27.000Z,2025-10-18T12:43:27.000+00:00,1760791409.000,2025-10-18T12:43:29.000Z,2025-10-18T12:43:29.000+00:00,3.443,0.193,0.468,2.000,3.492,1.492,ok,
4,v0.15.1,1760791412.744,2025-10-18T12:43:32.743Z,2025-10-18T12:43:32.743+00:00,1760791435.434,2025-10-18T12:43:55.434Z,2025-10-18T12:43:55.434+00:00,1760791412.000,2025-10-18T12:43:32.000Z,2025-10-18T12:43:32.000+00:00,1760791416.000,2025-10-18T12:43:36.000Z,2025-10-18T12:43:36.000+00:00,6.842,0.109,16.364,4.000,22.691,18.691,ok,
5,v0.15.2,1760791436.822,2025-10-18T12:43:56.821Z,2025-10-18T12:43:56.821+00:00,1760791457.528,2025-10-18T12:44:17.527Z,2025-10-18T12:44:17.527+00:00,1760791436.000,2025-10-18T12:43:56.000Z,2025-10-18T12:43:56.000+00:00,1760791439.000,2025-10-18T12:43:59.000Z,2025-10-18T12:43:59.000+00:00,5.018,0.093,16.295,3.000,20.706,17.706,ok,
6,v0.15.1,1760791458.849,2025-10-18T12:44:18.848Z,2025-10-18T12:44:18.848+00:00,1760791480.991,2025-10-18T12:44:40.990Z,2025-10-18T12:44:40.990+00:00,1760791459.000,2025-10-18T12:44:19.000Z,2025-10-18T12:44:19.000+00:00,1760791462.000,2025-10-18T12:44:22.000Z,2025-10-18T12:44:22.000+00:00,4.997,0.095,16.749,3.000,22.142,19.142,ok,
7,v0.15.2,1760791482.275,2025-10-18T12:44:42.274Z,2025-10-18T12:44:42.274+00:00,1760791503.734,2025-10-18T12:45:03.733Z,2025-10-18T12:45:03.733+00:00,1760791482.000,2025-10-18T12:44:42.000Z,2025-10-18T12:44:42.000+00:00,1760791486.000,2025-10-18T12:44:46.000Z,2025-10-18T12:44:46.000+00:00,6.475,0.146,14.981,4.000,21.459,17.459,ok,
8,v0.15.1,1760791505.028,2025-10-18T12:45:05.028Z,2025-10-18T12:45:05.028+00:00,1760791527.275,2025-10-18T12:45:27.274Z,2025-10-18T12:45:27.274+00:00,1760791505.000,2025-10-18T12:45:05.000Z,2025-10-18T12:45:05.000+00:00,1760791508.000,2025-10-18T12:45:08.000Z,2025-10-18T12:45:08.000+00:00,5.629,0.132,16.368,3.000,22.246,19.246,ok,
9,v0.15.2,1760791528.757,2025-10-18T12:45:28.757Z,2025-10-18T12:45:28.757+00:00,1760791550.474,2025-10-18T12:45:50.473Z,2025-10-18T12:45:50.473+00:00,1760791529.000,2025-10-18T12:45:29.000Z,2025-10-18T12:45:29.000+00:00,1760791531.000,2025-10-18T12:45:31.000Z,2025-10-18T12:45:31.000+00:00,4.464,0.104,16.751,2.000,21.717,19.717,ok,
10,v0.15.1,1760791551.884,2025-10-18T12:45:51.884Z,2025-10-18T12:45:51.884+00:00,1760791573.337,2025-10-18T12:46:13.336Z,2025-10-18T12:46:13.336+00:00,1760791552.000,2025-10-18T12:45:52.000Z,2025-10-18T12:45:52.000+00:00,1760791554.000,2025-10-18T12:45:54.000Z,2025-10-18T12:45:54.000+00:00,4.449,0.120,16.614,2.000,21.453,19.453,ok,
11,v0.15.2,1760791574.671,2025-10-18T12:46:14.670Z,2025-10-18T12:46:14.670+00:00,1760791595.671,2025-10-18T12:46:35.671Z,2025-10-18T12:46:35.671+00:00,1760791574.000,2025-10-18T12:46:14.000Z,2025-10-18T12:46:14.000+00:00,1760791577.000,2025-10-18T12:46:17.000Z,2025-10-18T12:46:17.000+00:00,6.588,0.145,14.793,3.000,21.000,18.000,ok,
12,v0.15.1,1760791597.008,2025-10-18T12:46:37.007Z,2025-10-18T12:46:37.007+00:00,1760791617.845,2025-10-18T12:46:57.844Z,2025-10-18T12:46:57.844+00:00,1760791597.000,2025-10-18T12:46:37.000Z,2025-10-18T12:46:37.000+00:00,1760791599.000,2025-10-18T12:46:39.000Z,2025-10-18T12:46:39.000+00:00,4.152,0.105,16.447,2.000,20.837,18.837,ok,
13,v0.15.2,1760791619.081,2025-10-18T12:46:59.081Z,2025-10-18T12:46:59.081+00:00,1760791640.300,2025-10-18T12:47:20.299Z,2025-10-18T12:47:20.299+00:00,1760791619.000,2025-10-18T12:46:59.000Z,2025-10-18T12:46:59.000+00:00,1760791622.000,2025-10-18T12:47:02.000Z,2025-10-18T12:47:02.000+00:00,5.733,0.131,15.343,3.000,21.219,18.219,ok,
14,v0.15.1,1760791641.648,2025-10-18T12:47:21.647Z,2025-10-18T12:47:21.647+00:00,1760791663.394,2025-10-18T12:47:43.394Z,2025-10-18T12:47:43.394+00:00,1760791641.000,2025-10-18T12:47:21.000Z,2025-10-18T12:47:21.000+00:00,1760791644.000,2025-10-18T12:47:24.000Z,2025-10-18T12:47:24.000+00:00,5.456,0.156,16.686,3.000,21.746,18.746,ok,
15,v0.15.2,1760791664.713,2025-10-18T12:47:44.712Z,2025-10-18T12:47:44.712+00:00,1760791687.318,2025-10-18T12:48:07.318Z,2025-10-18T12:48:07.318+00:00,1760791664.000,2025-10-18T12:47:44.000Z,2025-10-18T12:47:44.000+00:00,1760791667.000,2025-10-18T12:47:47.000Z,2025-10-18T12:47:47.000+00:00,6.254,0.139,16.831,3.000,22.605,19.605,ok,
16,v0.15.1,1760791688.592,2025-10-18T12:48:08.592Z,2025-10-18T12:48:08.592+00:00,1760791709.789,2025-10-18T12:48:29.788Z,2025-10-18T12:48:29.788+00:00,1760791688.000,2025-10-18T12:48:08.000Z,2025-10-18T12:48:08.000+00:00,1760791691.000,2025-10-18T12:48:11.000Z,2025-10-18T12:48:11.000+00:00,5.256,0.111,16.227,3.000,21.197,18.197,ok,
17,v0.15.2,1760791711.163,2025-10-18T12:48:31.163Z,2025-10-18T12:48:31.163+00:00,1760791731.977,2025-10-18T12:48:51.977Z,2025-10-18T12:48:51.977+00:00,1760791711.000,2025-10-18T12:48:31.000Z,2025-10-18T12:48:31.000+00:00,1760791713.000,2025-10-18T12:48:33.000Z,2025-10-18T12:48:33.000+00:00,5.384,0.128,15.284,2.000,20.814,18.814,ok,
18,v0.15.1,1760791733.265,2025-10-18T12:48:53.265Z,2025-10-18T12:48:53.265+00:00,1760791753.484,2025-10-18T12:49:13.483Z,2025-10-18T12:49:13.483+00:00,1760791733.000,2025-10-18T12:48:53.000Z,2025-10-18T12:48:53.000+00:00,1760791736.000,2025-10-18T12:48:56.000Z,2025-10-18T12:48:56.000+00:00,4.705,0.116,15.514,3.000,20.219,17.219,ok,
19,v0.15.2,1760791754.879,2025-10-18T12:49:14.878Z,2025-10-18T12:49:14.878+00:00,1760791776.378,2025-10-18T12:49:36.377Z,2025-10-18T12:49:36.377+00:00,1760791755.000,2025-10-18T12:49:15.000Z,2025-10-18T12:49:15.000+00:00,1760791758.000,2025-10-18T12:49:18.000Z,2025-10-18T12:49:18.000+00:00,5.592,0.125,15.552,3.000,21.499,18.499,ok,
20,v0.15.1,1760791777.867,2025-10-18T12:49:37.867Z,2025-10-18T12:49:37.867+00:00,1760791799.137,2025-10-18T12:49:59.137Z,2025-10-18T12:49:59.137+00:00,1760791777.000,2025-10-18T12:49:37.000Z,2025-10-18T12:49:37.000+00:00,1760791780.000,2025-10-18T12:49:40.000Z,2025-10-18T12:49:40.000+00:00,5.442,0.101,16.430,3.000,21.270,18.270,ok,
21,v0.15.2,1760791800.470,2025-10-18T12:50:00.470Z,2025-10-18T12:50:00.470+00:00,1760791822.315,2025-10-18T12:50:22.315Z,2025-10-18T12:50:22.315+00:00,1760791800.000,2025-10-18T12:50:00.000Z,2025-10-18T12:50:00.000+00:00,1760791803.000,2025-10-18T12:50:03.000Z,2025-10-18T12:50:03.000+00:00,6.793,0.160,15.240,3.000,21.845,18.845,ok,
22,v0.15.1,1760791823.669,2025-10-18T12:50:23.668Z,2025-10-18T12:50:23.668+00:00,1760791844.714,2025-10-18T12:50:44.714Z,2025-10-18T12:50:44.714+00:00,1760791823.000,2025-10-18T12:50:23.000Z,2025-10-18T12:50:23.000+00:00,1760791826.000,2025-10-18T12:50:26.000Z,2025-10-18T12:50:26.000+00:00,5.146,0.192,16.204,3.000,21.045,18.045,ok,
23,v0.15.2,1760791846.011,2025-10-18T12:50:46.010Z,2025-10-18T12:50:46.010+00:00,1760791868.063,2025-10-18T12:51:08.062Z,2025-10-18T12:51:08.062+00:00,1760791846.000,2025-10-18T12:50:46.000Z,2025-10-18T12:50:46.000+00:00,1760791848.000,2025-10-18T12:50:48.000Z,2025-10-18T12:50:48.000+00:00,5.253,0.141,16.480,2.000,22.052,20.052,ok,
24,v0.15.1,1760791869.513,2025-10-18T12:51:09.512Z,2025-10-18T12:51:09.512+00:00,1760791889.841,2025-10-18T12:51:29.841Z,2025-10-18T12:51:29.841+00:00,1760791869.000,2025-10-18T12:51:09.000Z,2025-10-18T12:51:09.000+00:00,1760791872.000,2025-10-18T12:51:12.000Z,2025-10-18T12:51:12.000+00:00,5.227,0.155,15.311,3.000,20.328,17.328,ok,
25,v0.15.2,1760791891.217,2025-10-18T12:51:31.216Z,2025-10-18T12:51:31.216+00:00,1760791913.807,2025-10-18T12:51:53.806Z,2025-10-18T12:51:53.806+00:00,1760791891.000,2025-10-18T12:51:31.000Z,2025-10-18T12:51:31.000+00:00,1760791895.000,2025-10-18T12:51:35.000Z,2025-10-18T12:51:35.000+00:00,6.744,0.103,15.833,4.000,22.590,18.590,ok,
26,v0.15.1,1760791915.029,2025-10-18T12:51:55.028Z,2025-10-18T12:51:55.028+00:00,1760791935.408,2025-10-18T12:52:15.408Z,2025-10-18T12:52:15.408+00:00,1760791915.000,2025-10-18T12:51:55.000Z,2025-10-18T12:51:55.000+00:00,1760791917.000,2025-10-18T12:51:57.000Z,2025-10-18T12:51:57.000+00:00,4.674,0.173,15.437,2.000,20.380,18.380,ok,
27,v0.15.2,1760791936.775,2025-10-18T12:52:16.774Z,2025-10-18T12:52:16.774+00:00,1760791958.340,2025-10-18T12:52:38.339Z,2025-10-18T12:52:38.339+00:00,1760791936.000,2025-10-18T12:52:16.000Z,2025-10-18T12:52:16.000+00:00,1760791939.000,2025-10-18T12:52:19.000Z,2025-10-18T12:52:19.000+00:00,6.675,0.148,15.390,3.000,21.565,18.565,ok,
28,v0.15.1,1760791959.734,2025-10-18T12:52:39.734Z,2025-10-18T12:52:39.734+00:00,1760791981.252,2025-10-18T12:53:01.252Z,2025-10-18T12:53:01.252+00:00,1760791959.000,2025-10-18T12:52:39.000Z,2025-10-18T12:52:39.000+00:00,1760791963.000,2025-10-18T12:52:43.000Z,2025-10-18T12:52:43.000+00:00,5.716,0.108,16.334,4.000,21.518,17.518,ok,
29,v0.15.2,1760791982.615,2025-10-18T12:53:02.614Z,2025-10-18T12:53:02.614+00:00,1760792005.057,2025-10-18T12:53:25.056Z,2025-10-18T12:53:25.056+00:00,1760791982.000,2025-10-18T12:53:02.000Z,2025-10-18T12:53:02.000+00:00,1760791986.000,2025-10-18T12:53:06.000Z,2025-10-18T12:53:06.000+00:00,7.042,0.232,15.619,4.000,22.442,18.442,ok,
30,v0.15.1,1760792006.355,2025-10-18T12:53:26.354Z,2025-10-18T12:53:26.354+00:00,1760792026.947,2025-10-18T12:53:46.947Z,2025-10-18T12:53:46.947+00:00,1760792006.000,2025-10-18T12:53:26.000Z,2025-10-18T12:53:26.000+00:00,1760792008.000,2025-10-18T12:53:28.000Z,2025-10-18T12:53:28.000+00:00,4.612,0.100,16.102,2.000,20.593,18.593,ok,
31,v0.15.2,1760792028.222,2025-10-18T12:53:48.222Z,2025-10-18T12:53:48.222+00:00,1760792050.295,2025-10-18T12:54:10.294Z,2025-10-18T12:54:10.294+00:00,1760792028.000,2025-10-18T12:53:48.000Z,2025-10-18T12:53:48.000+00:00,1760792032.000,2025-10-18T12:53:52.000Z,2025-10-18T12:53:52.000+00:00,6.564,0.166,15.421,4.000,22.073,18.073,ok,
32,v0.15.1,1760792051.681,2025-10-18T12:54:11.680Z,2025-10-18T12:54:11.680+00:00,1760792072.420,2025-10-18T12:54:32.420Z,2025-10-18T12:54:32.420+00:00,1760792052.000,2025-10-18T12:54:12.000Z,2025-10-18T12:54:12.000+00:00,1760792054.000,2025-10-18T12:54:14.000Z,2025-10-18T12:54:14.000+00:00,4.473,0.192,15.662,2.000,20.740,18.740,ok,
33,v0.15.2,1760792073.758,2025-10-18T12:54:33.758Z,2025-10-18T12:54:33.758+00:00,1760792096.717,2025-10-18T12:54:56.717Z,2025-10-18T12:54:56.717+00:00,1760792073.000,2025-10-18T12:54:33.000Z,2025-10-18T12:54:33.000+00:00,1760792078.000,2025-10-18T12:54:38.000Z,2025-10-18T12:54:38.000+00:00,6.715,0.116,16.788,5.000,22.959,17.959,ok,
34,v0.15.1,1760792098.059,2025-10-18T12:54:58.059Z,2025-10-18T12:54:58.059+00:00,1760792118.038,2025-10-18T12:55:18.038Z,2025-10-18T12:55:18.038+00:00,1760792098.000,2025-10-18T12:54:58.000Z,2025-10-18T12:54:58.000+00:00,1760792100.000,2025-10-18T12:55:00.000Z,2025-10-18T12:55:00.000+00:00,4.290,0.118,15.441,2.000,19.979,17.979,ok,
35,v0.15.2,1760792119.362,2025-10-18T12:55:19.362Z,2025-10-18T12:55:19.362+00:00,1760792140.210,2025-10-18T12:55:40.210Z,2025-10-18T12:55:40.210+00:00,1760792119.000,2025-10-18T12:55:19.000Z,2025-10-18T12:55:19.000+00:00,1760792123.000,2025-10-18T12:55:23.000Z,2025-10-18T12:55:23.000+00:00,6.087,0.133,14.843,4.000,20.848,16.848,ok,
36,v0.15.1,1760792141.566,2025-10-18T12:55:41.566Z,2025-10-18T12:55:41.566+00:00,1760792162.896,2025-10-18T12:56:02.896Z,2025-10-18T12:56:02.896+00:00,1760792141.000,2025-10-18T12:55:41.000Z,2025-10-18T12:55:41.000+00:00,1760792144.000,2025-10-18T12:55:44.000Z,2025-10-18T12:55:44.000+00:00,4.847,0.174,16.742,3.000,21.330,18.330,ok,
37,v0.15.2,1760792164.336,2025-10-18T12:56:04.336Z,2025-10-18T12:56:04.336+00:00,1760792185.615,2025-10-18T12:56:25.615Z,2025-10-18T12:56:25.615+00:00,1760792164.000,2025-10-18T12:56:04.000Z,2025-10-18T12:56:04.000+00:00,1760792168.000,2025-10-18T12:56:08.000Z,2025-10-18T12:56:08.000+00:00,6.115,0.237,15.076,4.000,21.279,17.279,ok,
38,v0.15.1,1760792186.957,2025-10-18T12:56:26.957Z,2025-10-18T12:56:26.957+00:00,1760792208.521,2025-10-18T12:56:48.521Z,2025-10-18T12:56:48.521+00:00,1760792187.000,2025-10-18T12:56:27.000Z,2025-10-18T12:56:27.000+00:00,1760792189.000,2025-10-18T12:56:29.000Z,2025-10-18T12:56:29.000+00:00,4.590,0.203,16.539,2.000,21.564,19.564,ok,
39,v0.15.2,1760792209.758,2025-10-18T12:56:49.758Z,2025-10-18T12:56:49.758+00:00,1760792232.493,2025-10-18T12:57:12.492Z,2025-10-18T12:57:12.492+00:00,1760792210.000,2025-10-18T12:56:50.000Z,2025-10-18T12:56:50.000+00:00,1760792213.000,2025-10-18T12:56:53.000Z,2025-10-18T12:56:53.000+00:00,4.923,0.160,17.254,3.000,22.734,19.734,ok,
40,v0.15.1,1760792233.839,2025-10-18T12:57:13.839Z,2025-10-18T12:57:13.839+00:00,1760792255.333,2025-10-18T12:57:35.332Z,2025-10-18T12:57:35.332+00:00,1760792233.000,2025-10-18T12:57:13.000Z,2025-10-18T12:57:13.000+00:00,1760792237.000,2025-10-18T12:57:17.000Z,2025-10-18T12:57:17.000+00:00,6.375,0.144,15.680,4.000,21.493,17.493,ok,
41,v0.15.2,1760792256.684,2025-10-18T12:57:36.683Z,2025-10-18T12:57:36.683+00:00,1760792277.934,2025-10-18T12:57:57.933Z,2025-10-18T12:57:57.933+00:00,1760792256.000,2025-10-18T12:57:36.000Z,2025-10-18T12:57:36.000+00:00,1760792259.000,2025-10-18T12:57:39.000Z,2025-10-18T12:57:39.000+00:00,5.071,0.120,16.630,3.000,21.250,18.250,ok,
42,v0.15.1,1760792279.299,2025-10-18T12:57:59.298Z,2025-10-18T12:57:59.298+00:00,1760792299.233,2025-10-18T12:58:19.232Z,2025-10-18T12:58:19.232+00:00,1760792279.000,2025-10-18T12:57:59.000Z,2025-10-18T12:57:59.000+00:00,1760792282.000,2025-10-18T12:58:02.000Z,2025-10-18T12:58:02.000+00:00,4.578,0.142,15.361,3.000,19.934,16.934,ok,
43,v0.15.2,1760792300.590,2025-10-18T12:58:20.589Z,2025-10-18T12:58:20.589+00:00,1760792375.450,2025-10-18T12:59:35.449Z,2025-10-18T12:59:35.449+00:00,1760792300.000,2025-10-18T12:58:20.000Z,2025-10-18T12:58:20.000+00:00,1760792303.000,2025-10-18T12:58:23.000Z,2025-10-18T12:58:23.000+00:00,4.971,0.096,70.240,3.000,74.860,71.860,ok,
44,v0.15.1,1760792376.725,2025-10-18T12:59:36.724Z,2025-10-18T12:59:36.724+00:00,1760792402.053,2025-10-18T13:00:02.053Z,2025-10-18T13:00:02.053+00:00,1760792376.000,2025-10-18T12:59:36.000Z,2025-10-18T12:59:36.000+00:00,1760792383.000,2025-10-18T12:59:43.000Z,2025-10-18T12:59:43.000+00:00,10.827,0.086,15.033,7.000,25.328,18.328,ok,
45,v0.15.2,1760792403.528,2025-10-18T13:00:03.528Z,2025-10-18T13:00:03.528+00:00,1760792425.647,2025-10-18T13:00:25.646Z,2025-10-18T13:00:25.646+00:00,1760792403.000,2025-10-18T13:00:03.000Z,2025-10-18T13:00:03.000+00:00,1760792408.000,2025-10-18T13:00:08.000Z,2025-10-18T13:00:08.000+00:00,7.263,0.140,15.144,5.000,22.118,17.118,ok,
46,v0.15.1,1760792427.004,2025-10-18T13:00:27.004Z,2025-10-18T13:00:27.004+00:00,1760792447.385,2025-10-18T13:00:47.384Z,2025-10-18T13:00:47.384+00:00,1760792427.000,2025-10-18T13:00:27.000Z,2025-10-18T13:00:27.000+00:00,1760792429.000,2025-10-18T13:00:29.000Z,2025-10-18T13:00:29.000+00:00,4.936,0.153,15.222,2.000,20.380,18.380,ok,
47,v0.15.2,1760792448.657,2025-10-18T13:00:48.656Z,2025-10-18T13:00:48.656+00:00,1760792471.500,2025-10-18T13:01:11.499Z,2025-10-18T13:01:11.499+00:00,1760792448.000,2025-10-18T13:00:48.000Z,2025-10-18T13:00:48.000+00:00,1760792452.000,2025-10-18T13:00:52.000Z,2025-10-18T13:00:52.000+00:00,6.409,0.103,16.839,4.000,22.843,18.843,ok,
48,v0.15.1,1760792472.717,2025-10-18T13:01:12.717Z,2025-10-18T13:01:12.717+00:00,1760792494.309,2025-10-18T13:01:34.308Z,2025-10-18T13:01:34.308+00:00,1760792472.000,2025-10-18T13:01:12.000Z,2025-10-18T13:01:12.000+00:00,1760792475.000,2025-10-18T13:01:15.000Z,2025-10-18T13:01:15.000+00:00,5.397,0.123,16.657,3.000,21.591,18.591,ok,
49,v0.15.2,1760792495.725,2025-10-18T13:01:35.725Z,2025-10-18T13:01:35.725+00:00,1760792517.399,2025-10-18T13:01:57.399Z,2025-10-18T13:01:57.399+00:00,1760792495.000,2025-10-18T13:01:35.000Z,2025-10-18T13:01:35.000+00:00,1760792499.000,2025-10-18T13:01:39.000Z,2025-10-18T13:01:39.000+00:00,6.720,0.147,15.374,4.000,21.674,17.674,ok,
50,v0.15.1,1760792518.754,2025-10-18T13:01:58.754Z,2025-10-18T13:01:58.754+00:00,1760792539.522,2025-10-18T13:02:19.521Z,2025-10-18T13:02:19.521+00:00,1760792518.000,2025-10-18T13:01:58.000Z,2025-10-18T13:01:58.000+00:00,1760792521.000,2025-10-18T13:02:01.000Z,2025-10-18T13:02:01.000+00:00,4.979,0.131,16.311,3.000,20.768,17.768,ok,
51,v0.15.2,1760792540.833,2025-10-18T13:02:20.832Z,2025-10-18T13:02:20.832+00:00,1760792562.319,2025-10-18T13:02:42.318Z,2025-10-18T13:02:42.318+00:00,1760792541.000,2025-10-18T13:02:21.000Z,2025-10-18T13:02:21.000+00:00,1760792544.000,2025-10-18T13:02:24.000Z,2025-10-18T13:02:24.000+00:00,5.577,0.126,15.533,3.000,21.486,18.486,ok,
52,v0.15.1,1760792563.676,2025-10-18T13:02:43.675Z,2025-10-18T13:02:43.675+00:00,1760792585.767,2025-10-18T13:03:05.767Z,2025-10-18T13:03:05.767+00:00,1760792563.000,2025-10-18T13:02:43.000Z,2025-10-18T13:02:43.000+00:00,1760792567.000,2025-10-18T13:02:47.000Z,2025-10-18T13:02:47.000+00:00,6.135,0.108,16.375,4.000,22.091,18.091,ok,
53,v0.15.2,1760792587.156,2025-10-18T13:03:07.155Z,2025-10-18T13:03:07.155+00:00,1760792609.944,2025-10-18T13:03:29.944Z,2025-10-18T13:03:29.944+00:00,1760792587.000,2025-10-18T13:03:07.000Z,2025-10-18T13:03:07.000+00:00,1760792590.000,2025-10-18T13:03:10.000Z,2025-10-18T13:03:10.000+00:00,6.156,0.174,16.500,3.000,22.789,19.789,ok,
54,v0.15.1,1760792611.311,2025-10-18T13:03:31.310Z,2025-10-18T13:03:31.310+00:00,1760792633.635,2025-10-18T13:03:53.635Z,2025-10-18T13:03:53.635+00:00,1760792611.000,2025-10-18T13:03:31.000Z,2025-10-18T13:03:31.000+00:00,1760792614.000,2025-10-18T13:03:34.000Z,2025-10-18T13:03:34.000+00:00,5.412,0.109,16.899,3.000,22.325,19.325,ok,
55,v0.15.2,1760792635.006,2025-10-18T13:03:55.006Z,2025-10-18T13:03:55.006+00:00,1760792655.217,2025-10-18T13:04:15.217Z,2025-10-18T13:04:15.217+00:00,1760792635.000,2025-10-18T13:03:55.000Z,2025-10-18T13:03:55.000+00:00,1760792638.000,2025-10-18T13:03:58.000Z,2025-10-18T13:03:58.000+00:00,4.459,0.069,15.586,3.000,20.211,17.211,ok,
56,v0.15.1,1760792656.616,2025-10-18T13:04:16.615Z,2025-10-18T13:04:16.615+00:00,1760792676.789,2025-10-18T13:04:36.788Z,2025-10-18T13:04:36.788+00:00,1760792656.000,2025-10-18T13:04:16.000Z,2025-10-18T13:04:16.000+00:00,1760792659.000,2025-10-18T13:04:19.000Z,2025-10-18T13:04:19.000+00:00,5.609,0.110,14.941,3.000,20.173,17.173,ok,
57,v0.15.2,1760792678.141,2025-10-18T13:04:38.140Z,2025-10-18T13:04:38.140+00:00,1760792700.666,2025-10-18T13:05:00.666Z,2025-10-18T13:05:00.666+00:00,1760792678.000,2025-10-18T13:04:38.000Z,2025-10-18T13:04:38.000+00:00,1760792682.000,2025-10-18T13:04:42.000Z,2025-10-18T13:04:42.000+00:00,6.324,0.130,16.107,4.000,22.526,18.526,ok,
58,v0.15.1,1760792702.106,2025-10-18T13:05:02.106Z,2025-10-18T13:05:02.106+00:00,1760792724.011,2025-10-18T13:05:24.010Z,2025-10-18T13:05:24.010+00:00,1760792702.000,2025-10-18T13:05:02.000Z,2025-10-18T13:05:02.000+00:00,1760792705.000,2025-10-18T13:05:05.000Z,2025-10-18T13:05:05.000+00:00,6.240,0.075,15.561,3.000,21.905,18.905,ok,
59,v0.15.2,1760792725.433,2025-10-18T13:05:25.432Z,2025-10-18T13:05:25.432+00:00,1760792746.278,2025-10-18T13:05:46.277Z,2025-10-18T13:05:46.277+00:00,1760792725.000,2025-10-18T13:05:25.000Z,2025-10-18T13:05:25.000+00:00,1760792728.000,2025-10-18T13:05:28.000Z,2025-10-18T13:05:28.000+00:00,5.612,0.130,15.384,3.000,20.845,17.845,ok,
60,v0.15.1,1760792747.536,2025-10-18T13:05:47.536Z,2025-10-18T13:05:47.536+00:00,1760792770.608,2025-10-18T13:06:10.608Z,2025-10-18T13:06:10.608+00:00,1760792747.000,2025-10-18T13:05:47.000Z,2025-10-18T13:05:47.000+00:00,1760792752.000,2025-10-18T13:05:52.000Z,2025-10-18T13:05:52.000+00:00,7.025,0.094,16.378,5.000,23.072,18.072,ok,
61,v0.15.2,1760792771.967,2025-10-18T13:06:11.967Z,2025-10-18T13:06:11.967+00:00,1760792792.918,2025-10-18T13:06:32.918Z,2025-10-18T13:06:32.918+00:00,1760792772.000,2025-10-18T13:06:12.000Z,2025-10-18T13:06:12.000+00:00,1760792774.000,2025-10-18T13:06:14.000Z,2025-10-18T13:06:14.000+00:00,4.407,0.147,16.232,2.000,20.951,18.951,ok,
62,v0.15.1,1760792794.257,2025-10-18T13:06:34.256Z,2025-10-18T13:06:34.256+00:00,1760792817.030,2025-10-18T13:06:57.030Z,2025-10-18T13:06:57.030+00:00,1760792794.000,2025-10-18T13:06:34.000Z,2025-10-18T13:06:34.000+00:00,1760792798.000,2025-10-18T13:06:38.000Z,2025-10-18T13:06:38.000+00:00,7.134,0.126,15.586,4.000,22.774,18.774,ok,
63,v0.15.2,1760792818.434,2025-10-18T13:06:58.434Z,2025-10-18T13:06:58.434+00:00,1760792840.207,2025-10-18T13:07:20.206Z,2025-10-18T13:07:20.206+00:00,1760792818.000,2025-10-18T13:06:58.000Z,2025-10-18T13:06:58.000+00:00,1760792821.000,2025-10-18T13:07:01.000Z,2025-10-18T13:07:01.000+00:00,5.263,0.188,16.556,3.000,21.773,18.773,ok,
64,v0.15.1,1760792841.614,2025-10-18T13:07:21.613Z,2025-10-18T13:07:21.613+00:00,1760792863.164,2025-10-18T13:07:43.163Z,2025-10-18T13:07:43.163+00:00,1760792841.000,2025-10-18T13:07:21.000Z,2025-10-18T13:07:21.000+00:00,1760792844.000,2025-10-18T13:07:24.000Z,2025-10-18T13:07:24.000+00:00,5.307,0.110,16.616,3.000,21.550,18.550,ok,
65,v0.15.2,1760792864.544,2025-10-18T13:07:44.543Z,2025-10-18T13:07:44.543+00:00,1760792885.693,2025-10-18T13:08:05.693Z,2025-10-18T13:08:05.693+00:00,1760792864.000,2025-10-18T13:07:44.000Z,2025-10-18T13:07:44.000+00:00,1760792867.000,2025-10-18T13:07:47.000Z,2025-10-18T13:07:47.000+00:00,4.812,0.123,16.652,3.000,21.150,18.150,ok,
66,v0.15.1,1760792887.043,2025-10-18T13:08:07.042Z,2025-10-18T13:08:07.042+00:00,1760792908.881,2025-10-18T13:08:28.880Z,2025-10-18T13:08:28.880+00:00,1760792887.000,2025-10-18T13:08:07.000Z,2025-10-18T13:08:07.000+00:00,1760792890.000,2025-10-18T13:08:10.000Z,2025-10-18T13:08:10.000+00:00,4.711,0.133,16.860,3.000,21.838,18.838,ok,
67,v0.15.2,1760792910.264,2025-10-18T13:08:30.263Z,2025-10-18T13:08:30.263+00:00,1760792930.629,2025-10-18T13:08:50.629Z,2025-10-18T13:08:50.629+00:00,1760792910.000,2025-10-18T13:08:30.000Z,2025-10-18T13:08:30.000+00:00,1760792913.000,2025-10-18T13:08:33.000Z,2025-10-18T13:08:33.000+00:00,5.550,0.119,14.825,3.000,20.365,17.365,ok,
68,v0.15.1,1760792932.194,2025-10-18T13:08:52.193Z,2025-10-18T13:08:52.193+00:00,1760792954.001,2025-10-18T13:09:14.000Z,2025-10-18T13:09:14.000+00:00,1760792932.000,2025-10-18T13:08:52.000Z,2025-10-18T13:08:52.000+00:00,1760792934.000,2025-10-18T13:08:54.000Z,2025-10-18T13:08:54.000+00:00,4.654,0.163,17.006,2.000,21.807,19.807,ok,
69,v0.15.2,1760792955.409,2025-10-18T13:09:15.409Z,2025-10-18T13:09:15.409+00:00,1760792977.848,2025-10-18T13:09:37.847Z,2025-10-18T13:09:37.847+00:00,1760792955.000,2025-10-18T13:09:15.000Z,2025-10-18T13:09:15.000+00:00,1760792958.000,2025-10-18T13:09:18.000Z,2025-10-18T13:09:18.000+00:00,5.864,0.170,16.648,3.000,22.439,19.439,ok,
70,v0.15.1,1760792979.168,2025-10-18T13:09:39.168Z,2025-10-18T13:09:39.168+00:00,1760793000.733,2025-10-18T13:10:00.733Z,2025-10-18T13:10:00.733+00:00,1760792979.000,2025-10-18T13:09:39.000Z,2025-10-18T13:09:39.000+00:00,1760792982.000,2025-10-18T13:09:42.000Z,2025-10-18T13:09:42.000+00:00,5.024,0.159,16.417,3.000,21.565,18.565,ok,
71,v0.15.2,1760793002.072,2025-10-18T13:10:02.071Z,2025-10-18T13:10:02.071+00:00,1760793023.962,2025-10-18T13:10:23.961Z,2025-10-18T13:10:23.961+00:00,1760793002.000,2025-10-18T13:10:02.000Z,2025-10-18T13:10:02.000+00:00,1760793005.000,2025-10-18T13:10:05.000Z,2025-10-18T13:10:05.000+00:00,6.705,0.108,15.051,3.000,21.890,18.890,ok,
72,v0.15.1,1760793025.481,2025-10-18T13:10:25.481Z,2025-10-18T13:10:25.481+00:00,1760793047.097,2025-10-18T13:10:47.097Z,2025-10-18T13:10:47.097+00:00,1760793025.000,2025-10-18T13:10:25.000Z,2025-10-18T13:10:25.000+00:00,1760793028.000,2025-10-18T13:10:28.000Z,2025-10-18T13:10:28.000+00:00,5.417,0.134,16.454,3.000,21.616,18.616,ok,
73,v0.15.2,1760793048.434,2025-10-18T13:10:48.434Z,2025-10-18T13:10:48.434+00:00,1760793069.917,2025-10-18T13:11:09.917Z,2025-10-18T13:11:09.917+00:00,1760793048.000,2025-10-18T13:10:48.000Z,2025-10-18T13:10:48.000+00:00,1760793052.000,2025-10-18T13:10:52.000Z,2025-10-18T13:10:52.000+00:00,6.419,0.139,15.245,4.000,21.483,17.483,ok,
74,v0.15.1,1760793071.205,2025-10-18T13:11:11.204Z,2025-10-18T13:11:11.204+00:00,1760793092.439,2025-10-18T13:11:32.439Z,2025-10-18T13:11:32.439+00:00,1760793071.000,2025-10-18T13:11:11.000Z,2025-10-18T13:11:11.000+00:00,1760793074.000,2025-10-18T13:11:14.000Z,2025-10-18T13:11:14.000+00:00,5.423,0.101,15.713,3.000,21.235,18.235,ok,
75,v0.15.2,1760793093.717,2025-10-18T13:11:33.716Z,2025-10-18T13:11:33.716+00:00,1760793118.812,2025-10-18T13:11:58.812Z,2025-10-18T13:11:58.812+00:00,1760793093.000,2025-10-18T13:11:33.000Z,2025-10-18T13:11:33.000+00:00,1760793100.000,2025-10-18T13:11:40.000Z,2025-10-18T13:11:40.000+00:00,10.852,0.143,14.642,7.000,25.095,18.095,ok,
76,v0.15.1,1760793120.229,2025-10-18T13:12:00.228Z,2025-10-18T13:12:00.228+00:00,1760793140.500,2025-10-18T13:12:20.499Z,2025-10-18T13:12:20.499+00:00,1760793120.000,2025-10-18T13:12:00.000Z,2025-10-18T13:12:00.000+00:00,1760793123.000,2025-10-18T13:12:03.000Z,2025-10-18T13:12:03.000+00:00,5.069,0.113,15.189,3.000,20.271,17.271,ok,
77,v0.15.2,1760793141.816,2025-10-18T13:12:21.816Z,2025-10-18T13:12:21.816+00:00,1760793164.305,2025-10-18T13:12:44.305Z,2025-10-18T13:12:44.305+00:00,1760793141.000,2025-10-18T13:12:21.000Z,2025-10-18T13:12:21.000+00:00,1760793145.000,2025-10-18T13:12:25.000Z,2025-10-18T13:12:25.000+00:00,6.062,0.118,17.031,4.000,22.489,18.489,ok,
78,v0.15.1,1760793165.741,2025-10-18T13:12:45.741Z,2025-10-18T13:12:45.741+00:00,1760793186.171,2025-10-18T13:13:06.171Z,2025-10-18T13:13:06.171+00:00,1760793165.000,2025-10-18T13:12:45.000Z,2025-10-18T13:12:45.000+00:00,1760793168.000,2025-10-18T13:12:48.000Z,2025-10-18T13:12:48.000+00:00,5.904,0.113,14.786,3.000,20.430,17.430,ok,
79,v0.15.2,1760793187.551,2025-10-18T13:13:07.551Z,2025-10-18T13:13:07.551+00:00,1760793210.173,2025-10-18T13:13:30.172Z,2025-10-18T13:13:30.172+00:00,1760793187.000,2025-10-18T13:13:07.000Z,2025-10-18T13:13:07.000+00:00,1760793191.000,2025-10-18T13:13:11.000Z,2025-10-18T13:13:11.000+00:00,5.889,0.092,16.992,4.000,22.622,18.622,ok,
80,v0.15.1,1760793211.523,2025-10-18T13:13:31.522Z,2025-10-18T13:13:31.522+00:00,1760793233.431,2025-10-18T13:13:53.431Z,2025-10-18T13:13:53.431+00:00,1760793211.000,2025-10-18T13:13:31.000Z,2025-10-18T13:13:31.000+00:00,1760793214.000,2025-10-18T13:13:34.000Z,2025-10-18T13:13:34.000+00:00,5.446,0.149,16.720,3.000,21.909,18.909,ok,
81,v0.15.2,1760793234.708,2025-10-18T13:13:54.708Z,2025-10-18T13:13:54.708+00:00,1760793256.187,2025-10-18T13:14:16.186Z,2025-10-18T13:14:16.186+00:00,1760793234.000,2025-10-18T13:13:54.000Z,2025-10-18T13:13:54.000+00:00,1760793238.000,2025-10-18T13:13:58.000Z,2025-10-18T13:13:58.000+00:00,6.564,0.180,15.298,4.000,21.478,17.478,ok,
82,v0.15.1,1760793257.654,2025-10-18T13:14:17.653Z,2025-10-18T13:14:17.653+00:00,1760793279.203,2025-10-18T13:14:39.202Z,2025-10-18T13:14:39.202+00:00,1760793257.000,2025-10-18T13:14:17.000Z,2025-10-18T13:14:17.000+00:00,1760793261.000,2025-10-18T13:14:21.000Z,2025-10-18T13:14:21.000+00:00,6.941,0.094,15.070,4.000,21.549,17.549,ok,
83,v0.15.2,1760793280.476,2025-10-18T13:14:40.475Z,2025-10-18T13:14:40.475+00:00,1760793302.640,2025-10-18T13:15:02.639Z,2025-10-18T13:15:02.639+00:00,1760793280.000,2025-10-18T13:14:40.000Z,2025-10-18T13:14:40.000+00:00,1760793285.000,2025-10-18T13:14:45.000Z,2025-10-18T13:14:45.000+00:00,8.656,0.111,13.731,5.000,22.164,17.164,ok,
84,v0.15.1,1760793303.997,2025-10-18T13:15:03.997Z,2025-10-18T13:15:03.997+00:00,1760793326.729,2025-10-18T13:15:26.729Z,2025-10-18T13:15:26.729+00:00,1760793304.000,2025-10-18T13:15:04.000Z,2025-10-18T13:15:04.000+00:00,1760793308.000,2025-10-18T13:15:08.000Z,2025-10-18T13:15:08.000+00:00,6.242,0.141,16.206,4.000,22.732,18.732,ok,
85,v0.15.2,1760793328.179,2025-10-18T13:15:28.178Z,2025-10-18T13:15:28.178+00:00,1760793349.705,2025-10-18T13:15:49.705Z,2025-10-18T13:15:49.705+00:00,1760793328.000,2025-10-18T13:15:28.000Z,2025-10-18T13:15:28.000+00:00,1760793330.000,2025-10-18T13:15:30.000Z,2025-10-18T13:15:30.000+00:00,4.642,0.224,16.707,2.000,21.527,19.527,ok,
86,v0.15.1,1760793351.051,2025-10-18T13:15:51.050Z,2025-10-18T13:15:51.050+00:00,1760793372.471,2025-10-18T13:16:12.470Z,2025-10-18T13:16:12.470+00:00,1760793351.000,2025-10-18T13:15:51.000Z,2025-10-18T13:15:51.000+00:00,1760793354.000,2025-10-18T13:15:54.000Z,2025-10-18T13:15:54.000+00:00,4.621,0.114,16.610,3.000,21.420,18.420,ok,
87,v0.15.2,1760793373.773,2025-10-18T13:16:13.773Z,2025-10-18T13:16:13.773+00:00,1760793395.500,2025-10-18T13:16:35.499Z,2025-10-18T13:16:35.499+00:00,1760793373.000,2025-10-18T13:16:13.000Z,2025-10-18T13:16:13.000+00:00,1760793376.000,2025-10-18T13:16:16.000Z,2025-10-18T13:16:16.000+00:00,5.410,0.116,16.781,3.000,21.726,18.726,ok,
88,v0.15.1,1760793396.966,2025-10-18T13:16:36.965Z,2025-10-18T13:16:36.965+00:00,1760793417.079,2025-10-18T13:16:57.079Z,2025-10-18T13:16:57.079+00:00,1760793397.000,2025-10-18T13:16:37.000Z,2025-10-18T13:16:37.000+00:00,1760793400.000,2025-10-18T13:16:40.000Z,2025-10-18T13:16:40.000+00:00,5.064,0.107,14.743,3.000,20.113,17.113,ok,
89,v0.15.2,1760793418.419,2025-10-18T13:16:58.419Z,2025-10-18T13:16:58.419+00:00,1760793440.555,2025-10-18T13:17:20.554Z,2025-10-18T13:17:20.554+00:00,1760793418.000,2025-10-18T13:16:58.000Z,2025-10-18T13:16:58.000+00:00,1760793422.000,2025-10-18T13:17:02.000Z,2025-10-18T13:17:02.000+00:00,5.439,0.169,16.803,4.000,22.136,18.136,ok,
90,v0.15.1,1760793441.843,2025-10-18T13:17:21.842Z,2025-10-18T13:17:21.842+00:00,1760793463.651,2025-10-18T13:17:43.651Z,2025-10-18T13:17:43.651+00:00,1760793442.000,2025-10-18T13:17:22.000Z,2025-10-18T13:17:22.000+00:00,1760793445.000,2025-10-18T13:17:25.000Z,2025-10-18T13:17:25.000+00:00,4.991,0.157,16.386,3.000,21.809,18.809,ok,
91,v0.15.2,1760793465.033,2025-10-18T13:17:45.033Z,2025-10-18T13:17:45.033+00:00,1760793486.733,2025-10-18T13:18:06.733Z,2025-10-18T13:18:06.733+00:00,1760793465.000,2025-10-18T13:17:45.000Z,2025-10-18T13:17:45.000+00:00,1760793468.000,2025-10-18T13:17:48.000Z,2025-10-18T13:17:48.000+00:00,4.648,0.091,16.909,3.000,21.700,18.700,ok,
92,v0.15.1,1760793488.133,2025-10-18T13:18:08.133Z,2025-10-18T13:18:08.133+00:00,1760793509.900,2025-10-18T13:18:29.900Z,2025-10-18T13:18:29.900+00:00,1760793488.000,2025-10-18T13:18:08.000Z,2025-10-18T13:18:08.000+00:00,1760793490.000,2025-10-18T13:18:10.000Z,2025-10-18T13:18:10.000+00:00,4.974,0.207,16.639,2.000,21.767,19.767,ok,
93,v0.15.2,1760793511.237,2025-10-18T13:18:31.236Z,2025-10-18T13:18:31.236+00:00,1760793532.342,2025-10-18T13:18:52.342Z,2025-10-18T13:18:52.342+00:00,1760793511.000,2025-10-18T13:18:31.000Z,2025-10-18T13:18:31.000+00:00,1760793514.000,2025-10-18T13:18:34.000Z,2025-10-18T13:18:34.000+00:00,5.903,0.159,15.159,3.000,21.105,18.105,ok,
94,v0.15.1,1760793533.592,2025-10-18T13:18:53.592Z,2025-10-18T13:18:53.592+00:00,1760793554.181,2025-10-18T13:19:14.180Z,2025-10-18T13:19:14.180+00:00,1760793533.000,2025-10-18T13:18:53.000Z,2025-10-18T13:18:53.000+00:00,1760793536.000,2025-10-18T13:18:56.000Z,2025-10-18T13:18:56.000+00:00,5.371,0.164,15.543,3.000,20.589,17.589,ok,
95,v0.15.2,1760793555.531,2025-10-18T13:19:15.530Z,2025-10-18T13:19:15.530+00:00,1760793576.213,2025-10-18T13:19:36.213Z,2025-10-18T13:19:36.213+00:00,1760793555.000,2025-10-18T13:19:15.000Z,2025-10-18T13:19:15.000+00:00,1760793558.000,2025-10-18T13:19:18.000Z,2025-10-18T13:19:18.000+00:00,5.898,0.160,15.064,3.000,20.683,17.683,ok,
96,v0.15.1,1760793577.508,2025-10-18T13:19:37.508Z,2025-10-18T13:19:37.508+00:00,1760793599.578,2025-10-18T13:19:59.578Z,2025-10-18T13:19:59.578+00:00,1760793577.000,2025-10-18T13:19:37.000Z,2025-10-18T13:19:37.000+00:00,1760793581.000,2025-10-18T13:19:41.000Z,2025-10-18T13:19:41.000+00:00,5.740,0.142,16.550,4.000,22.070,18.070,ok,
97,v0.15.2,1760793600.912,2025-10-18T13:20:00.912Z,2025-10-18T13:20:00.912+00:00,1760793622.137,2025-10-18T13:20:22.136Z,2025-10-18T13:20:22.136+00:00,1760793601.000,2025-10-18T13:20:01.000Z,2025-10-18T13:20:01.000+00:00,1760793603.000,2025-10-18T13:20:03.000Z,2025-10-18T13:20:03.000+00:00,4.333,0.109,16.510,2.000,21.224,19.224,ok,
98,v0.15.1,1760793623.343,2025-10-18T13:20:23.343Z,2025-10-18T13:20:23.343+00:00,1760793644.732,2025-10-18T13:20:44.731Z,2025-10-18T13:20:44.731+00:00,1760793623.000,2025-10-18T13:20:23.000Z,2025-10-18T13:20:23.000+00:00,1760793626.000,2025-10-18T13:20:26.000Z,2025-10-18T13:20:26.000+00:00,5.091,0.106,16.390,3.000,21.389,18.389,ok,
99,v0.15.2,1760793646.188,2025-10-18T13:20:46.188Z,2025-10-18T13:20:46.188+00:00,1760793667.271,2025-10-18T13:21:07.271Z,2025-10-18T13:21:07.271+00:00,1760793646.000,2025-10-18T13:20:46.000Z,2025-10-18T13:20:46.000+00:00,1760793649.000,2025-10-18T13:20:49.000Z,2025-10-18T13:20:49.000+00:00,5.915,0.131,15.012,3.000,21.083,18.083,ok,
100,v0.15.1,1760793668.553,2025-10-18T13:21:08.552Z,2025-10-18T13:21:08.552+00:00,1760793690.117,2025-10-18T13:21:30.117Z,2025-10-18T13:21:30.117+00:00,1760793668.000,2025-10-18T13:21:08.000Z,2025-10-18T13:21:08.000+00:00,1760793672.000,2025-10-18T13:21:12.000Z,2025-10-18T13:21:12.000+00:00,6.097,0.156,15.754,4.000,21.564,17.564,ok,
101,v0.15.2,1760793691.496,2025-10-18T13:21:31.496Z,2025-10-18T13:21:31.496+00:00,1760793713.044,2025-10-18T13:21:53.044Z,2025-10-18T13:21:53.044+00:00,1760793691.000,2025-10-18T13:21:31.000Z,2025-10-18T13:21:31.000+00:00,1760793694.000,2025-10-18T13:21:34.000Z,2025-10-18T13:21:34.000+00:00,5.976,0.195,15.710,3.000,21.548,18.548,ok,
102,v0.15.1,1760793714.378,2025-10-18T13:21:54.378Z,2025-10-18T13:21:54.378+00:00,1760793735.305,2025-10-18T13:22:15.305Z,2025-10-18T13:22:15.305+00:00,1760793714.000,2025-10-18T13:21:54.000Z,2025-10-18T13:21:54.000+00:00,1760793717.000,2025-10-18T13:21:57.000Z,2025-10-18T13:21:57.000+00:00,5.383,0.128,15.682,3.000,20.927,17.927,ok,
103,v0.15.2,1760793736.888,2025-10-18T13:22:16.888Z,2025-10-18T13:22:16.888+00:00,1760793757.508,2025-10-18T13:22:37.508Z,2025-10-18T13:22:37.508+00:00,1760793737.000,2025-10-18T13:22:17.000Z,2025-10-18T13:22:17.000+00:00,1760793740.000,2025-10-18T13:22:20.000Z,2025-10-18T13:22:20.000+00:00,5.370,0.123,14.938,3.000,20.620,17.620,ok,
104,v0.15.1,1760793758.925,2025-10-18T13:22:38.924Z,2025-10-18T13:22:38.924+00:00,1760793779.033,2025-10-18T13:22:59.032Z,2025-10-18T13:22:59.032+00:00,1760793759.000,2025-10-18T13:22:39.000Z,2025-10-18T13:22:39.000+00:00,1760793762.000,2025-10-18T13:22:42.000Z,2025-10-18T13:22:42.000+00:00,4.830,0.177,14.932,3.000,20.108,17.108,ok,
105,v0.15.2,1760793780.314,2025-10-18T13:23:00.313Z,2025-10-18T13:23:00.313+00:00,1760793800.768,2025-10-18T13:23:20.768Z,2025-10-18T13:23:20.768+00:00,1760793780.000,2025-10-18T13:23:00.000Z,2025-10-18T13:23:00.000+00:00,1760793783.000,2025-10-18T13:23:03.000Z,2025-10-18T13:23:03.000+00:00,4.722,0.152,15.765,3.000,20.454,17.454,ok,
106,v0.15.1,1760793801.987,2025-10-18T13:23:21.987Z,2025-10-18T13:23:21.987+00:00,1760793823.256,2025-10-18T13:23:43.256Z,2025-10-18T13:23:43.256+00:00,1760793802.000,2025-10-18T13:23:22.000Z,2025-10-18T13:23:22.000+00:00,1760793805.000,2025-10-18T13:23:25.000Z,2025-10-18T13:23:25.000+00:00,4.984,0.088,16.065,3.000,21.269,18.269,ok,
107,v0.15.2,1760793824.562,2025-10-18T13:23:44.561Z,2025-10-18T13:23:44.561+00:00,1760793846.297,2025-10-18T13:24:06.296Z,2025-10-18T13:24:06.296+00:00,1760793824.000,2025-10-18T13:23:44.000Z,2025-10-18T13:23:44.000+00:00,1760793827.000,2025-10-18T13:23:47.000Z,2025-10-18T13:23:47.000+00:00,5.542,0.171,16.435,3.000,21.735,18.735,ok,
108,v0.15.1,1760793847.634,2025-10-18T13:24:07.633Z,2025-10-18T13:24:07.633+00:00,1760793869.853,2025-10-18T13:24:29.852Z,2025-10-18T13:24:29.852+00:00,1760793847.000,2025-10-18T13:24:07.000Z,2025-10-18T13:24:07.000+00:00,1760793850.000,2025-10-18T13:24:10.000Z,2025-10-18T13:24:10.000+00:00,5.366,0.105,17.200,3.000,22.219,19.219,ok,
109,v0.15.2,1760793871.219,2025-10-18T13:24:31.219Z,2025-10-18T13:24:31.219+00:00,1760793892.319,2025-10-18T13:24:52.319Z,2025-10-18T13:24:52.319+00:00,1760793871.000,2025-10-18T13:24:31.000Z,2025-10-18T13:24:31.000+00:00,1760793873.000,2025-10-18T13:24:33.000Z,2025-10-18T13:24:33.000+00:00,4.687,0.149,16.398,2.000,21.100,19.100,ok,
110,v0.15.1,1760793893.748,2025-10-18T13:24:53.747Z,2025-10-18T13:24:53.747+00:00,1760793914.987,2025-10-18T13:25:14.987Z,2025-10-18T13:25:14.987+00:00,1760793893.000,2025-10-18T13:24:53.000Z,2025-10-18T13:24:53.000+00:00,1760793896.000,2025-10-18T13:24:56.000Z,2025-10-18T13:24:56.000+00:00,5.386,0.124,16.344,3.000,21.239,18.239,ok,
111,v0.15.2,1760793916.354,2025-10-18T13:25:16.353Z,2025-10-18T13:25:16.353+00:00,1760793938.514,2025-10-18T13:25:38.514Z,2025-10-18T13:25:38.514+00:00,1760793916.000,2025-10-18T13:25:16.000Z,2025-10-18T13:25:16.000+00:00,1760793919.000,2025-10-18T13:25:19.000Z,2025-10-18T13:25:19.000+00:00,5.438,0.174,16.715,3.000,22.160,19.160,ok,
112,v0.15.1,1760793939.872,2025-10-18T13:25:39.871Z,2025-10-18T13:25:39.871+00:00,1760793961.927,2025-10-18T13:26:01.927Z,2025-10-18T13:26:01.927+00:00,1760793940.000,2025-10-18T13:25:40.000Z,2025-10-18T13:25:40.000+00:00,1760793943.000,2025-10-18T13:25:43.000Z,2025-10-18T13:25:43.000+00:00,4.919,0.146,16.677,3.000,22.056,19.056,ok,
113,v0.15.2,1760793963.315,2025-10-18T13:26:03.315Z,2025-10-18T13:26:03.315+00:00,1760793985.328,2025-10-18T13:26:25.328Z,2025-10-18T13:26:25.328+00:00,1760793963.000,2025-10-18T13:26:03.000Z,2025-10-18T13:26:03.000+00:00,1760793967.000,2025-10-18T13:26:07.000Z,2025-10-18T13:26:07.000+00:00,7.194,0.146,14.834,4.000,22.013,18.013,ok,
114,v0.15.1,1760793986.723,2025-10-18T13:26:26.723Z,2025-10-18T13:26:26.723+00:00,1760794007.514,2025-10-18T13:26:47.514Z,2025-10-18T13:26:47.514+00:00,1760793986.000,2025-10-18T13:26:26.000Z,2025-10-18T13:26:26.000+00:00,1760793989.000,2025-10-18T13:26:29.000Z,2025-10-18T13:26:29.000+00:00,4.745,0.113,16.564,3.000,20.791,17.791,ok,
115,v0.15.2,1760794008.854,2025-10-18T13:26:48.853Z,2025-10-18T13:26:48.853+00:00,1760794031.939,2025-10-18T13:27:11.939Z,2025-10-18T13:27:11.939+00:00,1760794009.000,2025-10-18T13:26:49.000Z,2025-10-18T13:26:49.000+00:00,1760794013.000,2025-10-18T13:26:53.000Z,2025-10-18T13:26:53.000+00:00,6.330,0.126,16.380,4.000,23.086,19.086,ok,
116,v0.15.1,1760794033.317,2025-10-18T13:27:13.316Z,2025-10-18T13:27:13.316+00:00,1760794054.166,2025-10-18T13:27:34.165Z,2025-10-18T13:27:34.165+00:00,1760794033.000,2025-10-18T13:27:13.000Z,2025-10-18T13:27:13.000+00:00,1760794036.000,2025-10-18T13:27:16.000Z,2025-10-18T13:27:16.000+00:00,4.916,0.175,15.903,3.000,20.849,17.849,ok,
117,v0.15.2,1760794055.571,2025-10-18T13:27:35.570Z,2025-10-18T13:27:35.570+00:00,1760794077.782,2025-10-18T13:27:57.781Z,2025-10-18T13:27:57.781+00:00,1760794055.000,2025-10-18T13:27:35.000Z,2025-10-18T13:27:35.000+00:00,1760794059.000,2025-10-18T13:27:39.000Z,2025-10-18T13:27:39.000+00:00,5.624,0.109,16.920,4.000,22.211,18.211,ok,
118,v0.15.1,1760794079.094,2025-10-18T13:27:59.093Z,2025-10-18T13:27:59.093+00:00,1760794100.652,2025-10-18T13:28:20.651Z,2025-10-18T13:28:20.651+00:00,1760794079.000,2025-10-18T13:27:59.000Z,2025-10-18T13:27:59.000+00:00,1760794082.000,2025-10-18T13:28:02.000Z,2025-10-18T13:28:02.000+00:00,4.637,0.113,16.821,3.000,21.558,18.558,ok,
119,v0.15.2,1760794102.010,2025-10-18T13:28:22.010Z,2025-10-18T13:28:22.010+00:00,1760794123.562,2025-10-18T13:28:43.561Z,2025-10-18T13:28:43.561+00:00,1760794102.000,2025-10-18T13:28:22.000Z,2025-10-18T13:28:22.000+00:00,1760794105.000,2025-10-18T13:28:25.000Z,2025-10-18T13:28:25.000+00:00,5.494,0.151,15.784,3.000,21.552,18.552,ok,
120,v0.15.1,1760794124.990,2025-10-18T13:28:44.989Z,2025-10-18T13:28:44.989+00:00,1760794145.120,2025-10-18T13:29:05.119Z,2025-10-18T13:29:05.119+00:00,1760794125.000,2025-10-18T13:28:45.000Z,2025-10-18T13:28:45.000+00:00,1760794128.000,2025-10-18T13:28:48.000Z,2025-10-18T13:28:48.000+00:00,4.704,0.082,15.216,3.000,20.130,17.130,ok,
121,v0.15.2,1760794146.398,2025-10-18T13:29:06.397Z,2025-10-18T13:29:06.397+00:00,1760794166.173,2025-10-18T13:29:26.173Z,2025-10-18T13:29:26.173+00:00,1760794146.000,2025-10-18T13:29:06.000Z,2025-10-18T13:29:06.000+00:00,1760794149.000,2025-10-18T13:29:09.000Z,2025-10-18T13:29:09.000+00:00,4.869,0.134,15.092,3.000,19.775,16.775,ok,
122,v0.15.1,1760794167.628,2025-10-18T13:29:27.627Z,2025-10-18T13:29:27.627+00:00,1760794188.774,2025-10-18T13:29:48.774Z,2025-10-18T13:29:48.774+00:00,1760794167.000,2025-10-18T13:29:27.000Z,2025-10-18T13:29:27.000+00:00,1760794170.000,2025-10-18T13:29:30.000Z,2025-10-18T13:29:30.000+00:00,4.900,0.121,16.599,3.000,21.146,18.146,ok,
123,v0.15.2,1760794190.106,2025-10-18T13:29:50.106Z,2025-10-18T13:29:50.106+00:00,1760794212.046,2025-10-18T13:30:12.045Z,2025-10-18T13:30:12.045+00:00,1760794190.000,2025-10-18T13:29:50.000Z,2025-10-18T13:29:50.000+00:00,1760794193.000,2025-10-18T13:29:53.000Z,2025-10-18T13:29:53.000+00:00,6.695,0.204,14.989,3.000,21.939,18.939,ok,
124,v0.15.1,1760794213.486,2025-10-18T13:30:13.486Z,2025-10-18T13:30:13.486+00:00,1760794235.757,2025-10-18T13:30:35.756Z,2025-10-18T13:30:35.756+00:00,1760794213.000,2025-10-18T13:30:13.000Z,2025-10-18T13:30:13.000+00:00,1760794216.000,2025-10-18T13:30:16.000Z,2025-10-18T13:30:16.000+00:00,5.404,0.167,17.042,3.000,22.270,19.270,ok,
125,v0.15.2,1760794237.207,2025-10-18T13:30:37.206Z,2025-10-18T13:30:37.206+00:00,1760794258.047,2025-10-18T13:30:58.047Z,2025-10-18T13:30:58.047+00:00,1760794237.000,2025-10-18T13:30:37.000Z,2025-10-18T13:30:37.000+00:00,1760794240.000,2025-10-18T13:30:40.000Z,2025-10-18T13:30:40.000+00:00,4.895,0.108,15.837,3.000,20.840,17.840,ok,
126,v0.15.1,1760794259.389,2025-10-18T13:30:59.388Z,2025-10-18T13:30:59.388+00:00,1760794280.841,2025-10-18T13:31:20.841Z,2025-10-18T13:31:20.841+00:00,1760794259.000,2025-10-18T13:30:59.000Z,2025-10-18T13:30:59.000+00:00,1760794262.000,2025-10-18T13:31:02.000Z,2025-10-18T13:31:02.000+00:00,4.797,0.171,16.784,3.000,21.453,18.453,ok,
127,v0.15.2,1760794282.134,2025-10-18T13:31:22.133Z,2025-10-18T13:31:22.133+00:00,1760794304.189,2025-10-18T13:31:44.188Z,2025-10-18T13:31:44.188+00:00,1760794282.000,2025-10-18T13:31:22.000Z,2025-10-18T13:31:22.000+00:00,1760794285.000,2025-10-18T13:31:25.000Z,2025-10-18T13:31:25.000+00:00,5.128,0.082,16.862,3.000,22.055,19.055,ok,
128,v0.15.1,1760794305.424,2025-10-18T13:31:45.423Z,2025-10-18T13:31:45.423+00:00,1760794326.513,2025-10-18T13:32:06.513Z,2025-10-18T13:32:06.513+00:00,1760794305.000,2025-10-18T13:31:45.000Z,2025-10-18T13:31:45.000+00:00,1760794308.000,2025-10-18T13:31:48.000Z,2025-10-18T13:31:48.000+00:00,5.091,0.135,16.097,3.000,21.090,18.090,ok,
129,v0.15.2,1760794327.788,2025-10-18T13:32:07.788Z,2025-10-18T13:32:07.788+00:00,1760794347.455,2025-10-18T13:32:27.454Z,2025-10-18T13:32:27.454+00:00,1760794327.000,2025-10-18T13:32:07.000Z,2025-10-18T13:32:07.000+00:00,1760794330.000,2025-10-18T13:32:10.000Z,2025-10-18T13:32:10.000+00:00,5.371,0.143,14.833,3.000,19.666,16.666,ok,
130,v0.15.1,1760794348.741,2025-10-18T13:32:28.741Z,2025-10-18T13:32:28.741+00:00,1760794370.484,2025-10-18T13:32:50.483Z,2025-10-18T13:32:50.483+00:00,1760794348.000,2025-10-18T13:32:28.000Z,2025-10-18T13:32:28.000+00:00,1760794351.000,2025-10-18T13:32:31.000Z,2025-10-18T13:32:31.000+00:00,5.383,0.153,16.785,3.000,21.743,18.743,ok,
131,v0.15.2,1760794371.870,2025-10-18T13:32:51.870Z,2025-10-18T13:32:51.870+00:00,1760794394.820,2025-10-18T13:33:14.819Z,2025-10-18T13:33:14.819+00:00,1760794372.000,2025-10-18T13:32:52.000Z,2025-10-18T13:32:52.000+00:00,1760794376.000,2025-10-18T13:32:56.000Z,2025-10-18T13:32:56.000+00:00,7.479,0.122,15.046,4.000,22.949,18.949,ok,
132,v0.15.1,1760794396.163,2025-10-18T13:33:16.162Z,2025-10-18T13:33:16.162+00:00,1760794417.209,2025-10-18T13:33:37.209Z,2025-10-18T13:33:37.209+00:00,1760794396.000,2025-10-18T13:33:16.000Z,2025-10-18T13:33:16.000+00:00,1760794399.000,2025-10-18T13:33:19.000Z,2025-10-18T13:33:19.000+00:00,6.196,0.155,14.745,3.000,21.046,18.046,ok,
133,v0.15.2,1760794418.424,2025-10-18T13:33:38.424Z,2025-10-18T13:33:38.424+00:00,1760794439.219,2025-10-18T13:33:59.219Z,2025-10-18T13:33:59.219+00:00,1760794418.000,2025-10-18T13:33:38.000Z,2025-10-18T13:33:38.000+00:00,1760794421.000,2025-10-18T13:33:41.000Z,2025-10-18T13:33:41.000+00:00,5.506,0.086,15.522,3.000,20.795,17.795,ok,
134,v0.15.1,1760794440.484,2025-10-18T13:34:00.484Z,2025-10-18T13:34:00.484+00:00,1760794461.119,2025-10-18T13:34:21.118Z,2025-10-18T13:34:21.118+00:00,1760794440.000,2025-10-18T13:34:00.000Z,2025-10-18T13:34:00.000+00:00,1760794443.000,2025-10-18T13:34:03.000Z,2025-10-18T13:34:03.000+00:00,4.864,0.122,16.000,3.000,20.634,17.634,ok,
135,v0.15.2,1760794462.415,2025-10-18T13:34:22.414Z,2025-10-18T13:34:22.414+00:00,1760794483.303,2025-10-18T13:34:43.302Z,2025-10-18T13:34:43.302+00:00,1760794462.000,2025-10-18T13:34:22.000Z,2025-10-18T13:34:22.000+00:00,1760794465.000,2025-10-18T13:34:25.000Z,2025-10-18T13:34:25.000+00:00,6.119,0.124,14.950,3.000,20.888,17.888,ok,
136,v0.15.1,1760794484.544,2025-10-18T13:34:44.543Z,2025-10-18T13:34:44.543+00:00,1760794505.517,2025-10-18T13:35:05.517Z,2025-10-18T13:35:05.517+00:00,1760794484.000,2025-10-18T13:34:44.000Z,2025-10-18T13:34:44.000+00:00,1760794487.000,2025-10-18T13:34:47.000Z,2025-10-18T13:34:47.000+00:00,5.050,0.158,16.204,3.000,20.974,17.974,ok,
137,v0.15.2,1760794506.822,2025-10-18T13:35:06.822Z,2025-10-18T13:35:06.822+00:00,1760794528.913,2025-10-18T13:35:28.913Z,2025-10-18T13:35:28.913+00:00,1760794507.000,2025-10-18T13:35:07.000Z,2025-10-18T13:35:07.000+00:00,1760794510.000,2025-10-18T13:35:10.000Z,2025-10-18T13:35:10.000+00:00,5.389,0.079,16.323,3.000,22.091,19.091,ok,
138,v0.15.1,1760794530.190,2025-10-18T13:35:30.189Z,2025-10-18T13:35:30.189+00:00,1760794550.663,2025-10-18T13:35:50.662Z,2025-10-18T13:35:50.662+00:00,1760794530.000,2025-10-18T13:35:30.000Z,2025-10-18T13:35:30.000+00:00,1760794533.000,2025-10-18T13:35:33.000Z,2025-10-18T13:35:33.000+00:00,5.551,0.163,14.809,3.000,20.473,17.473,ok,
139,v0.15.2,1760794551.927,2025-10-18T13:35:51.926Z,2025-10-18T13:35:51.926+00:00,1760794574.439,2025-10-18T13:36:14.438Z,2025-10-18T13:36:14.438+00:00,1760794552.000,2025-10-18T13:35:52.000Z,2025-10-18T13:35:52.000+00:00,1760794556.000,2025-10-18T13:35:56.000Z,2025-10-18T13:35:56.000+00:00,6.336,0.111,15.869,4.000,22.512,18.512,ok,
140,v0.15.1,1760794575.729,2025-10-18T13:36:15.728Z,2025-10-18T13:36:15.728+00:00,1760794596.884,2025-10-18T13:36:36.883Z,2025-10-18T13:36:36.883+00:00,1760794575.000,2025-10-18T13:36:15.000Z,2025-10-18T13:36:15.000+00:00,1760794579.000,2025-10-18T13:36:19.000Z,2025-10-18T13:36:19.000+00:00,5.837,0.085,15.822,4.000,21.155,17.155,ok,
141,v0.15.2,1760794598.239,2025-10-18T13:36:38.238Z,2025-10-18T13:36:38.238+00:00,1760794619.604,2025-10-18T13:36:59.604Z,2025-10-18T13:36:59.604+00:00,1760794598.000,2025-10-18T13:36:38.000Z,2025-10-18T13:36:38.000+00:00,1760794601.000,2025-10-18T13:36:41.000Z,2025-10-18T13:36:41.000+00:00,5.793,0.164,15.551,3.000,21.366,18.366,ok,
142,v0.15.1,1760794620.845,2025-10-18T13:37:00.844Z,2025-10-18T13:37:00.844+00:00,1760794641.443,2025-10-18T13:37:21.443Z,2025-10-18T13:37:21.443+00:00,1760794620.000,2025-10-18T13:37:00.000Z,2025-10-18T13:37:00.000+00:00,1760794623.000,2025-10-18T13:37:03.000Z,2025-10-18T13:37:03.000+00:00,5.503,0.124,15.699,3.000,20.599,17.599,ok,
143,v0.15.2,1760794642.710,2025-10-18T13:37:22.710Z,2025-10-18T13:37:22.710+00:00,1760794664.340,2025-10-18T13:37:44.339Z,2025-10-18T13:37:44.339+00:00,1760794642.000,2025-10-18T13:37:22.000Z,2025-10-18T13:37:22.000+00:00,1760794646.000,2025-10-18T13:37:26.000Z,2025-10-18T13:37:26.000+00:00,6.032,0.120,16.056,4.000,21.629,17.629,ok,
144,v0.15.1,1760794665.646,2025-10-18T13:37:45.646Z,2025-10-18T13:37:45.646+00:00,1760794687.232,2025-10-18T13:38:07.231Z,2025-10-18T13:38:07.231+00:00,1760794665.000,2025-10-18T13:37:45.000Z,2025-10-18T13:37:45.000+00:00,1760794668.000,2025-10-18T13:37:48.000Z,2025-10-18T13:37:48.000+00:00,5.536,0.126,16.397,3.000,21.585,18.585,ok,
145,v0.15.2,1760794688.591,2025-10-18T13:38:08.591Z,2025-10-18T13:38:08.591+00:00,1760794709.972,2025-10-18T13:38:29.971Z,2025-10-18T13:38:29.971+00:00,1760794688.000,2025-10-18T13:38:08.000Z,2025-10-18T13:38:08.000+00:00,1760794691.000,2025-10-18T13:38:11.000Z,2025-10-18T13:38:11.000+00:00,5.528,0.115,16.215,3.000,21.380,18.380,ok,
146,v0.15.1,1760794711.367,2025-10-18T13:38:31.366Z,2025-10-18T13:38:31.366+00:00,1760794733.109,2025-10-18T13:38:53.109Z,2025-10-18T13:38:53.109+00:00,1760794711.000,2025-10-18T13:38:31.000Z,2025-10-18T13:38:31.000+00:00,1760794714.000,2025-10-18T13:38:34.000Z,2025-10-18T13:38:34.000+00:00,5.162,0.162,16.705,3.000,21.743,18.743,ok,
147,v0.15.2,1760794734.388,2025-10-18T13:38:54.387Z,2025-10-18T13:38:54.387+00:00,1760794755.985,2025-10-18T13:39:15.984Z,2025-10-18T13:39:15.984+00:00,1760794734.000,2025-10-18T13:38:54.000Z,2025-10-18T13:38:54.000+00:00,1760794739.000,2025-10-18T13:38:59.000Z,2025-10-18T13:38:59.000+00:00,6.674,0.143,14.970,5.000,21.597,16.597,ok,
148,v0.15.1,1760794757.310,2025-10-18T13:39:17.310Z,2025-10-18T13:39:17.310+00:00,1760794831.399,2025-10-18T13:40:31.398Z,2025-10-18T13:40:31.398+00:00,1760794757.000,2025-10-18T13:39:17.000Z,2025-10-18T13:39:17.000+00:00,1760794760.000,2025-10-18T13:39:20.000Z,2025-10-18T13:39:20.000+00:00,6.045,0.134,68.042,3.000,74.089,71.089,ok,
149,v0.15.2,1760794832.785,2025-10-18T13:40:32.785Z,2025-10-18T13:40:32.785+00:00,1760794854.796,2025-10-18T13:40:54.796Z,2025-10-18T13:40:54.796+00:00,1760794832.000,2025-10-18T13:40:32.000Z,2025-10-18T13:40:32.000+00:00,1760794835.000,2025-10-18T13:40:35.000Z,2025-10-18T13:40:35.000+00:00,6.084,0.132,16.423,3.000,22.011,19.011,ok,
150,v0.15.1,1760794856.143,2025-10-18T13:40:56.142Z,2025-10-18T13:40:56.142+00:00,1760794878.835,2025-10-18T13:41:18.834Z,2025-10-18T13:41:18.834+00:00,1760794856.000,2025-10-18T13:40:56.000Z,2025-10-18T13:40:56.000+00:00,1760794860.000,2025-10-18T13:41:00.000Z,2025-10-18T13:41:00.000+00:00,5.728,0.176,16.846,4.000,22.692,18.692,ok,
151,v0.15.2,1760794880.153,2025-10-18T13:41:20.152Z,2025-10-18T13:41:20.152+00:00,,,,,,,,,,,,,,,,error(20),"time=""2025-10-18T13:41:20Z"" level=fatal msg=""rpc error: code = FailedPrecondition desc = another operation is already in progress"""
152,v0.15.1,1760794881.715,2025-10-18T13:41:21.714Z,2025-10-18T13:41:21.714+00:00,,,,,,,,,,,,,,,,error(20),"time=""2025-10-18T13:41:21Z"" level=fatal msg=""rpc error: code = FailedPrecondition desc = another operation is already in progress"""
153,v0.15.2,1760794883.208,2025-10-18T13:41:23.208Z,2025-10-18T13:41:23.208+00:00,,,,,,,,,,,,,,,,error(20),"time=""2025-10-18T13:41:23Z"" level=fatal msg=""rpc error: code = FailedPrecondition desc = another operation is already in progress"""
154,v0.15.1,1760794884.707,2025-10-18T13:41:24.707Z,2025-10-18T13:41:24.707+00:00,,,,,,,,,,,,,,,,error(20),"time=""2025-10-18T13:41:24Z"" level=fatal msg=""rpc error: code = FailedPrecondition desc = another operation is already in progress"""
155,v0.15.2,1760794886.368,2025-10-18T13:41:26.368Z,2025-10-18T13:41:26.368+00:00,,,,,,,,,,,,,,,,error(20),"time=""2025-10-18T13:41:26Z"" level=fatal msg=""rpc error: code = FailedPrecondition desc = another operation is already in progress"""
156,v0.15.1,1760794887.923,2025-10-18T13:41:27.922Z,2025-10-18T13:41:27.922+00:00,,,,,,,,,,,,,,,,error(20),"time=""2025-10-18T13:41:28Z"" level=fatal msg=""rpc error: code = FailedPrecondition desc = another operation is already in progress"""
157,v0.15.2,1760794889.510,2025-10-18T13:41:29.510Z,2025-10-18T13:41:29.510+00:00,,,,,,,,,,,,,,,,error(20),"time=""2025-10-18T13:41:29Z"" level=fatal msg=""rpc error: code = FailedPrecondition desc = another operation is already in progress"""
158,v0.15.1,1760794891.015,2025-10-18T13:41:31.015Z,2025-10-18T13:41:31.015+00:00,,,,,,,,,,,,,,,,error(20),"time=""2025-10-18T13:41:31Z"" level=fatal msg=""rpc error: code = FailedPrecondition desc = another operation is already in progress"""
159,v0.15.2,1760794892.415,2025-10-18T13:41:32.415Z,2025-10-18T13:41:32.415+00:00,,,,,,,,,,,,,,,,error(20),"time=""2025-10-18T13:41:32Z"" level=fatal msg=""rpc error: code = FailedPrecondition desc = another operation is already in progress"""
160,v0.15.1,1760794893.953,2025-10-18T13:41:33.952Z,2025-10-18T13:41:33.952+00:00,,,,,,,,,,,,,,,,error(20),"time=""2025-10-18T13:41:34Z"" level=fatal msg=""rpc error: code = FailedPrecondition desc = another operation is already in progress"""
161,v0.15.2,1760794895.460,2025-10-18T13:41:35.460Z,2025-10-18T13:41:35.460+00:00,,,,,,,,,,,,,,,,error(20),"time=""2025-10-18T13:41:36Z"" level=fatal msg=""rpc error: code = FailedPrecondition desc = another operation is already in progress"""
162,v0.15.1,1760794897.432,2025-10-18T13:41:37.431Z,2025-10-18T13:41:37.431+00:00,,,,,,,,,,,,,,,,error(20),"time=""2025-10-18T13:41:37Z"" level=fatal msg=""rpc error: code = FailedPrecondition desc = another operation is already in progress"""
163,v0.15.2,1760794898.903,2025-10-18T13:41:38.902Z,2025-10-18T13:41:38.902+00:00,,,,,,,,,,,,,,,,error(20),"time=""2025-10-18T13:41:39Z"" level=fatal msg=""rpc error: code = FailedPrecondition desc = another operation is already in progress"""
164,v0.15.1,1760794900.505,2025-10-18T13:41:40.505Z,2025-10-18T13:41:40.505+00:00,,,,,,,,,,,,,,,,error(20),"time=""2025-10-18T13:41:40Z"" level=fatal msg=""rpc error: code = FailedPrecondition desc = another operation is already in progress"""
165,v0.15.2,1760794901.957,2025-10-18T13:41:41.957Z,2025-10-18T13:41:41.957+00:00,,,,,,,,,,,,,,,,error(20),"time=""2025-10-18T13:41:42Z"" level=fatal msg=""rpc error: code = FailedPrecondition desc = another operation is already in progress"""
166,v0.15.1,1760794903.413,2025-10-18T13:41:43.412Z,2025-10-18T13:41:43.412+00:00,1760794921.902,2025-10-18T13:42:01.902Z,2025-10-18T13:42:01.902+00:00,1760794903.000,2025-10-18T13:41:43.000Z,2025-10-18T13:41:43.000+00:00,1760794909.000,2025-10-18T13:41:49.000Z,2025-10-18T13:41:49.000+00:00,8.154,0.116,10.473,6.000,18.489,12.489,ok,
167,v0.15.2,1760794923.249,2025-10-18T13:42:03.249Z,2025-10-18T13:42:03.249+00:00,1760794944.925,2025-10-18T13:42:24.924Z,2025-10-18T13:42:24.924+00:00,1760794923.000,2025-10-18T13:42:03.000Z,2025-10-18T13:42:03.000+00:00,1760794926.000,2025-10-18T13:42:06.000Z,2025-10-18T13:42:06.000+00:00,5.003,0.094,16.650,3.000,21.676,18.676,ok,
168,v0.15.1,1760794946.179,2025-10-18T13:42:26.179Z,2025-10-18T13:42:26.179+00:00,1760794967.392,2025-10-18T13:42:47.392Z,2025-10-18T13:42:47.392+00:00,1760794946.000,2025-10-18T13:42:26.000Z,2025-10-18T13:42:26.000+00:00,1760794949.000,2025-10-18T13:42:29.000Z,2025-10-18T13:42:29.000+00:00,4.687,0.119,16.483,3.000,21.213,18.213,ok,
169,v0.15.2,1760794968.762,2025-10-18T13:42:48.762Z,2025-10-18T13:42:48.762+00:00,1760794991.112,2025-10-18T13:43:11.112Z,2025-10-18T13:43:11.112+00:00,1760794968.000,2025-10-18T13:42:48.000Z,2025-10-18T13:42:48.000+00:00,1760794973.000,2025-10-18T13:42:53.000Z,2025-10-18T13:42:53.000+00:00,8.513,0.123,14.319,5.000,22.350,17.350,ok,
170,v0.15.1,1760794992.385,2025-10-18T13:43:12.385Z,2025-10-18T13:43:12.385+00:00,1760795013.758,2025-10-18T13:43:33.757Z,2025-10-18T13:43:33.757+00:00,1760794992.000,2025-10-18T13:43:12.000Z,2025-10-18T13:43:12.000+00:00,1760794995.000,2025-10-18T13:43:15.000Z,2025-10-18T13:43:15.000+00:00,5.433,0.141,16.092,3.000,21.373,18.373,ok,
171,v0.15.2,1760795015.162,2025-10-18T13:43:35.162Z,2025-10-18T13:43:35.162+00:00,1760795036.529,2025-10-18T13:43:56.528Z,2025-10-18T13:43:56.528+00:00,1760795015.000,2025-10-18T13:43:35.000Z,2025-10-18T13:43:35.000+00:00,1760795019.000,2025-10-18T13:43:39.000Z,2025-10-18T13:43:39.000+00:00,6.633,0.121,14.639,4.000,21.367,17.367,ok,
172,v0.15.1,1760795037.871,2025-10-18T13:43:57.871Z,2025-10-18T13:43:57.871+00:00,1760795058.715,2025-10-18T13:44:18.715Z,2025-10-18T13:44:18.715+00:00,1760795038.000,2025-10-18T13:43:58.000Z,2025-10-18T13:43:58.000+00:00,1760795041.000,2025-10-18T13:44:01.000Z,2025-10-18T13:44:01.000+00:00,6.638,0.193,13.739,3.000,20.844,17.844,ok,
173,v0.15.2,1760795060.017,2025-10-18T13:44:20.017Z,2025-10-18T13:44:20.017+00:00,1760795084.189,2025-10-18T13:44:44.189Z,2025-10-18T13:44:44.189+00:00,1760795060.000,2025-10-18T13:44:20.000Z,2025-10-18T13:44:20.000+00:00,1760795064.000,2025-10-18T13:44:24.000Z,2025-10-18T13:44:24.000+00:00,7.274,0.127,16.589,4.000,24.172,20.172,ok,
174,v0.15.1,1760795085.550,2025-10-18T13:44:45.550Z,2025-10-18T13:44:45.550+00:00,1760795107.331,2025-10-18T13:45:07.331Z,2025-10-18T13:45:07.331+00:00,1760795085.000,2025-10-18T13:44:45.000Z,2025-10-18T13:44:45.000+00:00,1760795089.000,2025-10-18T13:44:49.000Z,2025-10-18T13:44:49.000+00:00,6.965,0.145,15.112,4.000,21.781,17.781,ok,
